phone,mean,std,count
362.0,0.08933365090577824,0.12641051801108183,825018.0
2.0,1.259668317131706,0.08940419257398438,1.0
6.0,0.14966831713170592,0.08940419257398438,1.0
